User Input,Chatbot Response,Timestamp
hello,Hi there,2024-09-10 01:21:51
how are you ,My purpose is to assist you,2024-09-10 01:21:57
weather ,"I'm sorry, I cannot provide real-time weather information.",2024-09-10 01:22:20
How do I create a budget,"To make a budget, start by tracking your income and expenses. Then, allocate your income towards essential expenses like rent, food, and bills. Next, allocate some of your income towards savings and debt repayment. Finally, allocate the remainder of your income towards discretionary expenses like entertainment and hobbies.",2024-09-10 01:22:30
Today is a nice weather,"I'm sorry, I cannot provide real-time weather information.",2024-10-03 08:29:52
How's the weather today,"I'm sorry, I cannot provide real-time weather information.",2024-10-03 08:30:47
Hi,Hello,2024-10-03 08:30:56
hi,Hello,2024-12-07 23:18:50
how bro,"Mindfulness is the practice of being fully present in the moment, observing thoughts and feelings without judgment.",2024-12-07 23:19:10
nice man,"Gardening tips include choosing the right plants for your climate, watering properly, and using organic fertilizers.",2024-12-07 23:19:20
hi,"I'm fine, thank you",2024-12-07 23:19:29
what are you doing,I can answer questions and provide assistance,2024-12-07 23:19:39
ok,"Gardening tips include choosing the right plants for your climate, watering properly, and using organic fertilizers.",2024-12-07 23:19:49
bye,Take care,2024-12-07 23:19:54
hi,Nothing much,2024-12-07 23:25:19
hi,Nothing much,2024-12-07 23:25:27
bye,Goodbye,2024-12-07 23:25:34
hi,Nothing much,2024-12-07 23:25:40
hello,Nothing much,2024-12-07 23:25:46
tell me something about gardening,"Gardening tips include choosing the right plants for your climate, watering properly, and using organic fertilizers.",2024-12-07 23:33:56
anything else?,"Gardening tips include choosing the right plants for your climate, watering properly, and using organic fertilizers.",2024-12-07 23:34:22
alright bye,Take care,2024-12-07 23:34:30
